{
  "project_info": {
    "project_number": "879515367801",
    "project_id": "appfoodcontrol",
    "storage_bucket": "appfoodcontrol.appspot.com"
  },
  "client": [
    {
      "client_info": {
        "mobilesdk_app_id": "1:879515367801:android:7842aec99d790ef8cb17a8",
        "android_client_info": {
          "package_name": "com.example.etec_food_control_app"
        }
      },
      "oauth_client": [
        {
          "client_id": "879515367801-96ujhqkoiaevqijn7du8vlacfjquu60v.apps.googleusercontent.com",
          "client_type": 3
        }
      ],
      "api_key": [
        {
          "current_key": "AIzaSyC-khonk-HWywrIJvnilO1aYZ41lQwic2Q"
        }
      ],
      "services": {
        "appinvite_service": {
          "other_platform_oauth_client": [
            {
              "client_id": "879515367801-96ujhqkoiaevqijn7du8vlacfjquu60v.apps.googleusercontent.com",
              "client_type": 3
            }
          ]
        }
      }
    }
  ],
  "configuration_version": "1"
}